{"duration":1.399999976158142,"magnitude":0.5400000214576721,"interpolationSpeed":16.299999237060548,"roughness":0.03500000014901161,"rotationMagnitude":3.0,"originalPosition":{"x":0.0,"y":0.0,"z":-10.0},"originalRotation":{"x":0.0,"y":0.0,"z":0.0,"w":1.0}}